accuracy,loss,val_accuracy,val_loss
0.5290178656578064,0.7355944514274597,0.682634711265564,0.672908365726471
0.0,0.0,0.682634711265564,0.672908365726471
0.6092735528945923,0.6527786254882812,0.7309381365776062,0.6506074070930481
0.0,0.0,0.7309381365776062,0.6506074070930481
0.591010570526123,0.6359357237815857,0.7477045655250549,0.572532594203949
